ableiges,mairie.ableiges95@wanadoo.fr
aincourt,mairie.aincourt@wanadoo.fr
ambleville,mairie.ambleville@wanadoo.fr
amenucourt,mairie.amenucourt@wanadoo.fr
andilly,mairie.andilly@wanadoo.fr
argenteuil,christian.bournery@ville-argenteuil.fr
arnouville-les-gonesse,webmaster@villedarnouville.com
arronville,arronville@wanadoo.fr
arthies,mairie-arthies-95@wanadoo.fr
asnieres-sur-oise,herve.pellin@ville-asnieres-sur-oise.fr
attainville,mairie@attainville.fr
auvers-sur-oise,communication@auvers-sur-oise.com
avernes,mairie.avernes@orange.fr
baillet-en-france,info@baillet-en-france.fr
banthelu,mairie.banthelu@wanadoo.fr
beauchamp,accueil-mairie@ville-beauchamp.fr
beaumont-sur-oise,beaumont.sg@wanadoo.fr
bellefontaine,mairiebellefontaine2@wanadoo.fr
belloy-en-france,secretariat@mairie-belloy-en-france.fr
bernes-sur-oise,mairiebernes@wanadoo.fr
berville,mairie.de.berville@wanadoo.fr
bessancourt,melody.quesnel@ville-bessancourt.fr
bethemont-la-foret,mairie.bethemont-laforet@wanadoo.fr
bezons,courrier@mairie-bezons.fr
boisemont,commune.boisemont@wanadoo.fr
boissy-l-aillerie,mairie.boissy-laillerie@wanadoo.fr
bonneuil-en-france,bonneuil-en-france95@orange.fr
bouffemont,info@ville-bouffemont.fr
bouqueval,mairiebouqueval@wanadoo.fr
bray-et-lu,mairie.brayetlu@wanadoo.fr
breancon,mairie.breancon@wanadoo.fr
brignancourt,brignancourt@wanadoo.fr
bruyeres-sur-oise,mairie.bruyeres.sur.oise@wanadoo.fr
buhy,mairie.buhy@wanadoo.fr
butry-sur-oise,mairiedebutrysuroise@wanadoo.fr
cergy,contact@ville-cergy.fr
champagne-sur-oise,cjacqueline@villedechampagne.fr 
charmont,mairie.charmont@wanadoo.fr
chars,mairie.chars@wanadoo.fr
chatenay-en-france,""
chaumontel,mairie.chaumontel@wanadoo.fr
chaussy,mairie.chaussy@wanadoo.fr
chauvry,mairie.de.chauvry@wanadoo.fr
chennevieres-les-louvres,mairie.chennevieres@wanadoo.fr
cherence,mairie.cherence@wanadoo.fr
clery-en-vexin,commune-de-clery@wanadoo.fr
commeny,mairiecommeny@wanadoo.fr
condecourt,mairie.condecourt@wanadoo.fr
cormeilles-en-parisis,contact@ville-cormeilles95.fr
cormeilles-en-vexin,mairie-cormeillesenvexin@wanadoo.fr
courcelles-sur-viosne,mairie-courcellessurviosne95@wanadoo.fr
courdimanche,communication@ville-courdimanche.fr
deuil-la-barre,accueil@mairie-deuillabarre.fr
domont,mairiedomont@magic.fr
eaubonne,information@eaubonne.fr
ecouen,contact@ecouen.fr
enghien-les-bains,direction.generale@enghien95.fr
ennery,mairie@ennery.fr
epiais-les-louvres,mairieepiais-leslouvres@wanadoo.fr
epiais-rhus,mairie.epiais-rhus@wanadoo.fr
epinay-champlatreux,mairie.ep.champlatreux@wanadoo.fr
eragny-sur-oise,bureauetconseil@eragny.fr
ermont,mairie@ville-ermont.fr
ezanville,secret.mairie@ezanville.fr
fontenay-en-parisis,mairiefontenay@roissy-online.com
fosses,contact@ville-fosses95.fr
franconville,Communication@ville-franconville.fr
fremainville,fremainville-mairie@wanadoo.fr
fremecourt,mairiefremecourt@orange.fr
frepillon,mairie@frepillon.fr
frouville,mairie-frouville95@wanadoo.fr
gadancourt,mairie-gadancourt@orange.fr
garges-les-gonesse,communication@villedegarges.com
genainville,mairie-genainville@wanadoo.fr
genicourt,mairie.genicourt@wanadoo.fr
gonesse,contact@villaeroport.org
goussainville,maire@ville-goussainville.fr
gouzangrez,mairiedegouzangrez@orange.fr
grisy-les-platres,""
groslay,assistante_du_maire@mairie-groslay.fr 
guiry-en-vexin,mairie.guiry-en-vexin@wanadoo.fr
haravilliers,commune.haravilliers@orange.fr
haute-isle,mairie-hauteisle@wanadoo.fr
hedouville,mairie-hedouville@wanadoo.fr
herblay,mairie@herblay.fr
herouville,mairie@herouville-en-vexin.net
hodent,mairie.hodent@orange.fr
jagny-sous-bois,mairie.jagny-sous-bois@wanadoo.fr
jouy-le-moutier,secretariatgeneral@jouylemoutier.fr
labbeville,mairie@labbeville.fr
la-chapelle-en-vexin,la-chapelle-en-vexin@wanadoo.fr
la-frette-sur-seine,mairie@ville-la-frette95.fr
la-roche-guyon,mairie.larocheguyon@wanadoo.fr
lassy,""
le-bellay-en-vexin,mairie.bellay@wanadoo.fr
le-heaulme,mairie.le.heaulme@cegetel.net
le-mesnil-aubry,mairie.mesnil-aubry@wanadoo.fr
le-perchay,mairie.leperchay@wanadoo.fr
le-plessis-bouchard,mairie@ville-le-plessis-bouchard.fr
le-plessis-gassot,le.plessis.gassot@wanadoo.fr
le-plessis-luzarches,mairieplessisluzarches@orange.fr
le-thillay,p.bezillot@mairie-le-thillay.fr
l-isle-adam,m.martin@ville-isle-adam.fr
livilliers,mairie-de-livilliers@wanadoo.fr
longuesse,mairie.longuesse@orange.fr
louvres,communication@ville-louvres.fr
luzarches,v.coquillard@luzarches.net
maffliers,mairie-maffliers@wanadoo.fr
magny-en-vexin,mairie@magny-en-vexin.fr
mareil-en-france,mairie.mareil.france@wanadoo.fr
margency,info@mairie-margency.fr
marines,mairie.marines@wanadoo.fr
marly-la-ville,""
maudetour-en-vexin,mairie.maudetour@wanadoo.fr
menouville,""
menucourt,communication@menucourt.fr
meriel,accueil.mairie@ville-de-meriel.fr
mery-sur-oise,services.administratifs@merysuroise.fr
moisselles,mairie.moisselles@orange.fr
montgeroult,mairie-de-montgeroult@wanadoo.fr
montigny-les-cormeilles,communication@ville-montigny95.fr
montlignon,mairie.montlignon@wanadoo.fr
montmagny,communication@ville-montmagny.fr
montmorency,directiongenerale@ville-montmorency.fr
montreuil-sur-epte,mairiemontreuilept@orange.fr
montsoult,mairie-montsoult@wanadoo.fr
mours,secretaire.mairie.mours@wanadoo.fr
moussy,mairie.de.st.denis.catus@wanadoo.fr
nerville-la-foret,mairie-nerville95@wanadoo.fr
nesles-la-vallee,pontenay@wanadoo.fr
neuilly-en-vexin,""
neuville-sur-oise,affgenerales@neuville-sur-oise.fr
nointel,nointel-mairie@wanadoo.fr
noisy-sur-oise,mairie.de.noisy.sur.oise@wanadoo.fr
nucourt,mairie.nucourt@wanadoo.fr
omerville,Mairie.omerville@orange.fr
osny,communication@ville-osny.fr
parmain,communication@ville-parmain.fr
persan,mairie@ville-persan.fr
pierrelaye,mairie@ville-pierrelaye.fr
piscop,mairie.piscop@wanadoo.fr
pontoise,mairie@ville-pontoise.fr
presles,mairie@ville-presles.fr
puiseux-en-france,vsimil@roissy-online.com
puiseux-pontoise,mairie.puiseux-pontoise.95@wanadoo.fr
roissy-en-france,accueil@ville-roissy95.fr
ronquerolles,mairie.ronquerolles95@wanadoo.fr
sagy,mairie.sagy@wanadoo.fr
saint-brice-sous-foret,info@saintbrice95.fr
saint-clair-sur-epte,mairie-stclairsurepte@orange.fr
saint-cyr-en-arthies,mairie.stcyrenarthies@wanadoo.fr
saint-gervais,mairie.saintgervais@wanadoo.fr
saint-gratien,info@mairie-saintgratien.fr
saint-leu-la-foret,mairie@saint-leu-la-foret.fr
saint-martin-du-tertre,mairiesaintmartindutertre@wanadoo.fr
saint-ouen-l-aumone,courrier@ville-saintouenlaumone.fr
saint-prix,communication@saintprix.fr
saint-witz,mairie@saint-witz.fr
sannois,secretariat.general@sannois.org
santeuil,mairie@santeuil95.fr
sarcelles,comsarcelles@yahoo.fr
seraincourt,mairie.seraincourt95@wanadoo.fr
seugy,mairie.seugy@wanadoo.fr
soisy-sous-montmorency,mairie@soisy-sous-montmorency.fr
survilliers,vincent@roissy-online.com
taverny,mairie@ville-taverny.fr
themericourt,mairie.themericourt@wanadoo.fr
theuville,mairie.theuville.mts@wanadoo.fr
us,mairie.us.95@wanadoo.fr
vallangoujard,secretariat@vallangoujard.fr
valmondois,mairievalmondois@gmail.com
vaudherland,""
vaureal,communication@mairie-vaureal.fr
vemars,sandrine_ravenel@yahoo.fr
vetheuil,mairiedevetheuil@orange.fr
viarmes,ville-viarmes@wanadoo.fr
vienne-en-arthies,mairie.viennearthies@wanadoo.fr
vigny,mairie.vigny@wanadoo.fr
villaines-sous-bois,mairie@villaines-sous-bois.fr
villeron,accueilvilleron@roissy-online.com
villers-en-arthies,mairie.villers@free.fr
villiers-adam,mairie.villiersadam@wanadoo.fr
villiers-le-bel,secretariatgeneral@ville-villiers-le-bel.fr
villiers-le-sec,mairie.villiers-le-sec@wanadoo.fr
wy-dit-joli-village,mairie.wy-dit-joli-village@wanadoo.fr
